model,activity,score
BAAI/AltCLIP,baking_a_cake,0.42857142857142855
BAAI/AltCLIP,customizing_a_motorcycle,0.3076923076923077
BAAI/AltCLIP,designing_a_building,0.23529411764705882
BAAI/AltCLIP,designing_dress,0.75
BAAI/AltCLIP,diving_from_a_high_board,0.8461538461538461
BAAI/AltCLIP,doing_basket_weaving,0.46153846153846156
BAAI/AltCLIP,doing_professional_makeup,0.5714285714285714
BAAI/AltCLIP,having_face_mask,0.85
BAAI/AltCLIP,knitting_colorful_scarves,0.5294117647058824
BAAI/AltCLIP,playing_acoustic_guitar,0.3684210526315789
BAAI/AltCLIP,programming_new_software,0.6153846153846154
BAAI/AltCLIP,repairing_electronics,0.85
BAAI/AltCLIP,skating_in_a_roller_derby,0.7692307692307693
BAAI/AltCLIP,spinning_pottery,0.6153846153846154
BAAI/AltCLIP,tuning_a_guitar,0.47368421052631576
EVA01-g-14 laion400m_s11b_b41k,baking_a_cake,0.7142857142857143
EVA01-g-14 laion400m_s11b_b41k,customizing_a_motorcycle,0.23076923076923078
EVA01-g-14 laion400m_s11b_b41k,designing_a_building,0.4117647058823529
EVA01-g-14 laion400m_s11b_b41k,designing_dress,0.8125
EVA01-g-14 laion400m_s11b_b41k,diving_from_a_high_board,0.9230769230769231
EVA01-g-14 laion400m_s11b_b41k,doing_basket_weaving,0.6923076923076923
EVA01-g-14 laion400m_s11b_b41k,doing_professional_makeup,0.6428571428571429
EVA01-g-14 laion400m_s11b_b41k,having_face_mask,0.75
EVA01-g-14 laion400m_s11b_b41k,knitting_colorful_scarves,0.6470588235294118
EVA01-g-14 laion400m_s11b_b41k,playing_acoustic_guitar,0.5789473684210527
EVA01-g-14 laion400m_s11b_b41k,programming_new_software,0.6153846153846154
EVA01-g-14 laion400m_s11b_b41k,repairing_electronics,0.55
EVA01-g-14 laion400m_s11b_b41k,skating_in_a_roller_derby,0.6923076923076923
EVA01-g-14 laion400m_s11b_b41k,spinning_pottery,0.6923076923076923
EVA01-g-14 laion400m_s11b_b41k,tuning_a_guitar,0.6842105263157895
EVA01-g-14-plus merged2b_s11b_b114k,baking_a_cake,0.7142857142857143
EVA01-g-14-plus merged2b_s11b_b114k,customizing_a_motorcycle,0.5384615384615384
EVA01-g-14-plus merged2b_s11b_b114k,designing_a_building,0.23529411764705882
EVA01-g-14-plus merged2b_s11b_b114k,designing_dress,0.8125
EVA01-g-14-plus merged2b_s11b_b114k,diving_from_a_high_board,0.9230769230769231
EVA01-g-14-plus merged2b_s11b_b114k,doing_basket_weaving,0.6923076923076923
EVA01-g-14-plus merged2b_s11b_b114k,doing_professional_makeup,0.6428571428571429
EVA01-g-14-plus merged2b_s11b_b114k,having_face_mask,0.85
EVA01-g-14-plus merged2b_s11b_b114k,knitting_colorful_scarves,0.5882352941176471
EVA01-g-14-plus merged2b_s11b_b114k,playing_acoustic_guitar,0.631578947368421
EVA01-g-14-plus merged2b_s11b_b114k,programming_new_software,0.6923076923076923
EVA01-g-14-plus merged2b_s11b_b114k,repairing_electronics,0.7
EVA01-g-14-plus merged2b_s11b_b114k,skating_in_a_roller_derby,0.5384615384615384
EVA01-g-14-plus merged2b_s11b_b114k,spinning_pottery,0.8461538461538461
EVA01-g-14-plus merged2b_s11b_b114k,tuning_a_guitar,0.5789473684210527
EVA02-B-16 merged2b_s8b_b131k,baking_a_cake,0.5714285714285714
EVA02-B-16 merged2b_s8b_b131k,customizing_a_motorcycle,0.23076923076923078
EVA02-B-16 merged2b_s8b_b131k,designing_a_building,0.5882352941176471
EVA02-B-16 merged2b_s8b_b131k,designing_dress,0.5
EVA02-B-16 merged2b_s8b_b131k,diving_from_a_high_board,0.8461538461538461
EVA02-B-16 merged2b_s8b_b131k,doing_basket_weaving,0.46153846153846156
EVA02-B-16 merged2b_s8b_b131k,doing_professional_makeup,0.7142857142857143
EVA02-B-16 merged2b_s8b_b131k,having_face_mask,0.75
EVA02-B-16 merged2b_s8b_b131k,knitting_colorful_scarves,0.47058823529411764
EVA02-B-16 merged2b_s8b_b131k,playing_acoustic_guitar,0.5789473684210527
EVA02-B-16 merged2b_s8b_b131k,programming_new_software,0.6923076923076923
EVA02-B-16 merged2b_s8b_b131k,repairing_electronics,0.55
EVA02-B-16 merged2b_s8b_b131k,skating_in_a_roller_derby,0.6923076923076923
EVA02-B-16 merged2b_s8b_b131k,spinning_pottery,0.6923076923076923
EVA02-B-16 merged2b_s8b_b131k,tuning_a_guitar,0.47368421052631576
EVA02-L-14 merged2b_s4b_b131k,baking_a_cake,0.6428571428571429
EVA02-L-14 merged2b_s4b_b131k,customizing_a_motorcycle,0.6923076923076923
EVA02-L-14 merged2b_s4b_b131k,designing_a_building,0.35294117647058826
EVA02-L-14 merged2b_s4b_b131k,designing_dress,0.75
EVA02-L-14 merged2b_s4b_b131k,diving_from_a_high_board,0.8461538461538461
EVA02-L-14 merged2b_s4b_b131k,doing_basket_weaving,0.6153846153846154
EVA02-L-14 merged2b_s4b_b131k,doing_professional_makeup,0.7857142857142857
EVA02-L-14 merged2b_s4b_b131k,having_face_mask,0.75
EVA02-L-14 merged2b_s4b_b131k,knitting_colorful_scarves,0.5882352941176471
EVA02-L-14 merged2b_s4b_b131k,playing_acoustic_guitar,0.47368421052631576
EVA02-L-14 merged2b_s4b_b131k,programming_new_software,0.6153846153846154
EVA02-L-14 merged2b_s4b_b131k,repairing_electronics,0.75
EVA02-L-14 merged2b_s4b_b131k,skating_in_a_roller_derby,0.6153846153846154
EVA02-L-14 merged2b_s4b_b131k,spinning_pottery,0.6153846153846154
EVA02-L-14 merged2b_s4b_b131k,tuning_a_guitar,0.42105263157894735
EVA02-L-14-336 merged2b_s6b_b61k,baking_a_cake,0.7857142857142857
EVA02-L-14-336 merged2b_s6b_b61k,customizing_a_motorcycle,0.5384615384615384
EVA02-L-14-336 merged2b_s6b_b61k,designing_a_building,0.23529411764705882
EVA02-L-14-336 merged2b_s6b_b61k,designing_dress,0.625
EVA02-L-14-336 merged2b_s6b_b61k,diving_from_a_high_board,0.8461538461538461
EVA02-L-14-336 merged2b_s6b_b61k,doing_basket_weaving,0.6153846153846154
EVA02-L-14-336 merged2b_s6b_b61k,doing_professional_makeup,0.7142857142857143
EVA02-L-14-336 merged2b_s6b_b61k,having_face_mask,0.75
EVA02-L-14-336 merged2b_s6b_b61k,knitting_colorful_scarves,0.5882352941176471
EVA02-L-14-336 merged2b_s6b_b61k,playing_acoustic_guitar,0.47368421052631576
EVA02-L-14-336 merged2b_s6b_b61k,programming_new_software,0.6153846153846154
EVA02-L-14-336 merged2b_s6b_b61k,repairing_electronics,0.75
EVA02-L-14-336 merged2b_s6b_b61k,skating_in_a_roller_derby,0.6153846153846154
EVA02-L-14-336 merged2b_s6b_b61k,spinning_pottery,0.46153846153846156
EVA02-L-14-336 merged2b_s6b_b61k,tuning_a_guitar,0.47368421052631576
RN50x64 openai,baking_a_cake,0.5714285714285714
RN50x64 openai,customizing_a_motorcycle,0.38461538461538464
RN50x64 openai,designing_a_building,0.11764705882352941
RN50x64 openai,designing_dress,0.6875
RN50x64 openai,diving_from_a_high_board,0.6153846153846154
RN50x64 openai,doing_basket_weaving,0.5384615384615384
RN50x64 openai,doing_professional_makeup,0.6428571428571429
RN50x64 openai,having_face_mask,0.7
RN50x64 openai,knitting_colorful_scarves,0.35294117647058826
RN50x64 openai,playing_acoustic_guitar,0.47368421052631576
RN50x64 openai,programming_new_software,0.6923076923076923
RN50x64 openai,repairing_electronics,0.65
RN50x64 openai,skating_in_a_roller_derby,0.38461538461538464
RN50x64 openai,spinning_pottery,0.6153846153846154
RN50x64 openai,tuning_a_guitar,0.3684210526315789
ViT-B-16 openai,baking_a_cake,0.5
ViT-B-16 openai,customizing_a_motorcycle,0.3076923076923077
ViT-B-16 openai,designing_a_building,0.23529411764705882
ViT-B-16 openai,designing_dress,0.625
ViT-B-16 openai,diving_from_a_high_board,0.6923076923076923
ViT-B-16 openai,doing_basket_weaving,0.5384615384615384
ViT-B-16 openai,doing_professional_makeup,0.7857142857142857
ViT-B-16 openai,having_face_mask,0.8
ViT-B-16 openai,knitting_colorful_scarves,0.7647058823529411
ViT-B-16 openai,playing_acoustic_guitar,0.5789473684210527
ViT-B-16 openai,programming_new_software,0.46153846153846156
ViT-B-16 openai,repairing_electronics,0.5
ViT-B-16 openai,skating_in_a_roller_derby,0.6923076923076923
ViT-B-16 openai,spinning_pottery,0.5384615384615384
ViT-B-16 openai,tuning_a_guitar,0.47368421052631576
ViT-B-32 laion2b_s34b_b79k,baking_a_cake,0.5714285714285714
ViT-B-32 laion2b_s34b_b79k,customizing_a_motorcycle,0.46153846153846156
ViT-B-32 laion2b_s34b_b79k,designing_a_building,0.47058823529411764
ViT-B-32 laion2b_s34b_b79k,designing_dress,0.8125
ViT-B-32 laion2b_s34b_b79k,diving_from_a_high_board,0.6923076923076923
ViT-B-32 laion2b_s34b_b79k,doing_basket_weaving,0.6923076923076923
ViT-B-32 laion2b_s34b_b79k,doing_professional_makeup,0.6428571428571429
ViT-B-32 laion2b_s34b_b79k,having_face_mask,0.6
ViT-B-32 laion2b_s34b_b79k,knitting_colorful_scarves,0.5882352941176471
ViT-B-32 laion2b_s34b_b79k,playing_acoustic_guitar,0.6842105263157895
ViT-B-32 laion2b_s34b_b79k,programming_new_software,0.3076923076923077
ViT-B-32 laion2b_s34b_b79k,repairing_electronics,0.7
ViT-B-32 laion2b_s34b_b79k,skating_in_a_roller_derby,0.6153846153846154
ViT-B-32 laion2b_s34b_b79k,spinning_pottery,0.5384615384615384
ViT-B-32 laion2b_s34b_b79k,tuning_a_guitar,0.5789473684210527
ViT-B-32 laion400m_e31,baking_a_cake,0.5714285714285714
ViT-B-32 laion400m_e31,customizing_a_motorcycle,0.6153846153846154
ViT-B-32 laion400m_e31,designing_a_building,0.5294117647058824
ViT-B-32 laion400m_e31,designing_dress,0.625
ViT-B-32 laion400m_e31,diving_from_a_high_board,0.8461538461538461
ViT-B-32 laion400m_e31,doing_basket_weaving,0.6923076923076923
ViT-B-32 laion400m_e31,doing_professional_makeup,0.7142857142857143
ViT-B-32 laion400m_e31,having_face_mask,0.75
ViT-B-32 laion400m_e31,knitting_colorful_scarves,0.35294117647058826
ViT-B-32 laion400m_e31,playing_acoustic_guitar,0.7368421052631579
ViT-B-32 laion400m_e31,programming_new_software,0.6923076923076923
ViT-B-32 laion400m_e31,repairing_electronics,0.75
ViT-B-32 laion400m_e31,skating_in_a_roller_derby,0.7692307692307693
ViT-B-32 laion400m_e31,spinning_pottery,0.5384615384615384
ViT-B-32 laion400m_e31,tuning_a_guitar,0.47368421052631576
ViT-B-32 negCLIP.pt,baking_a_cake,0.7142857142857143
ViT-B-32 negCLIP.pt,customizing_a_motorcycle,0.5384615384615384
ViT-B-32 negCLIP.pt,designing_a_building,0.7058823529411765
ViT-B-32 negCLIP.pt,designing_dress,0.6875
ViT-B-32 negCLIP.pt,diving_from_a_high_board,0.7692307692307693
ViT-B-32 negCLIP.pt,doing_basket_weaving,0.46153846153846156
ViT-B-32 negCLIP.pt,doing_professional_makeup,0.7142857142857143
ViT-B-32 negCLIP.pt,having_face_mask,0.8
ViT-B-32 negCLIP.pt,knitting_colorful_scarves,0.6470588235294118
ViT-B-32 negCLIP.pt,playing_acoustic_guitar,0.631578947368421
ViT-B-32 negCLIP.pt,programming_new_software,0.6153846153846154
ViT-B-32 negCLIP.pt,repairing_electronics,0.65
ViT-B-32 negCLIP.pt,skating_in_a_roller_derby,0.9230769230769231
ViT-B-32 negCLIP.pt,spinning_pottery,0.7692307692307693
ViT-B-32 negCLIP.pt,tuning_a_guitar,0.5789473684210527
ViT-B-32 openai,baking_a_cake,0.5714285714285714
ViT-B-32 openai,customizing_a_motorcycle,0.46153846153846156
ViT-B-32 openai,designing_a_building,0.47058823529411764
ViT-B-32 openai,designing_dress,0.5625
ViT-B-32 openai,diving_from_a_high_board,0.7692307692307693
ViT-B-32 openai,doing_basket_weaving,0.6923076923076923
ViT-B-32 openai,doing_professional_makeup,0.7142857142857143
ViT-B-32 openai,having_face_mask,0.8
ViT-B-32 openai,knitting_colorful_scarves,0.35294117647058826
ViT-B-32 openai,playing_acoustic_guitar,0.631578947368421
ViT-B-32 openai,programming_new_software,0.46153846153846156
ViT-B-32 openai,repairing_electronics,0.65
ViT-B-32 openai,skating_in_a_roller_derby,0.6923076923076923
ViT-B-32 openai,spinning_pottery,0.6153846153846154
ViT-B-32 openai,tuning_a_guitar,0.5789473684210527
ViT-H-14 laion2b_s32b_b79k,baking_a_cake,0.6428571428571429
ViT-H-14 laion2b_s32b_b79k,customizing_a_motorcycle,0.5384615384615384
ViT-H-14 laion2b_s32b_b79k,designing_a_building,0.29411764705882354
ViT-H-14 laion2b_s32b_b79k,designing_dress,0.875
ViT-H-14 laion2b_s32b_b79k,diving_from_a_high_board,0.7692307692307693
ViT-H-14 laion2b_s32b_b79k,doing_basket_weaving,0.5384615384615384
ViT-H-14 laion2b_s32b_b79k,doing_professional_makeup,0.5714285714285714
ViT-H-14 laion2b_s32b_b79k,having_face_mask,0.75
ViT-H-14 laion2b_s32b_b79k,knitting_colorful_scarves,0.6470588235294118
ViT-H-14 laion2b_s32b_b79k,playing_acoustic_guitar,0.631578947368421
ViT-H-14 laion2b_s32b_b79k,programming_new_software,0.6153846153846154
ViT-H-14 laion2b_s32b_b79k,repairing_electronics,0.65
ViT-H-14 laion2b_s32b_b79k,skating_in_a_roller_derby,0.46153846153846156
ViT-H-14 laion2b_s32b_b79k,spinning_pottery,0.3076923076923077
ViT-H-14 laion2b_s32b_b79k,tuning_a_guitar,0.5789473684210527
ViT-L-14 laion2b_s32b_b82k,baking_a_cake,0.5714285714285714
ViT-L-14 laion2b_s32b_b82k,customizing_a_motorcycle,0.6153846153846154
ViT-L-14 laion2b_s32b_b82k,designing_a_building,0.23529411764705882
ViT-L-14 laion2b_s32b_b82k,designing_dress,0.8125
ViT-L-14 laion2b_s32b_b82k,diving_from_a_high_board,0.7692307692307693
ViT-L-14 laion2b_s32b_b82k,doing_basket_weaving,0.6923076923076923
ViT-L-14 laion2b_s32b_b82k,doing_professional_makeup,0.7142857142857143
ViT-L-14 laion2b_s32b_b82k,having_face_mask,0.8
ViT-L-14 laion2b_s32b_b82k,knitting_colorful_scarves,0.6470588235294118
ViT-L-14 laion2b_s32b_b82k,playing_acoustic_guitar,0.6842105263157895
ViT-L-14 laion2b_s32b_b82k,programming_new_software,0.5384615384615384
ViT-L-14 laion2b_s32b_b82k,repairing_electronics,0.65
ViT-L-14 laion2b_s32b_b82k,skating_in_a_roller_derby,0.5384615384615384
ViT-L-14 laion2b_s32b_b82k,spinning_pottery,0.5384615384615384
ViT-L-14 laion2b_s32b_b82k,tuning_a_guitar,0.5789473684210527
ViT-L-14 openai,baking_a_cake,0.5
ViT-L-14 openai,customizing_a_motorcycle,0.23076923076923078
ViT-L-14 openai,designing_a_building,0.11764705882352941
ViT-L-14 openai,designing_dress,0.6875
ViT-L-14 openai,diving_from_a_high_board,0.9230769230769231
ViT-L-14 openai,doing_basket_weaving,0.46153846153846156
ViT-L-14 openai,doing_professional_makeup,0.5714285714285714
ViT-L-14 openai,having_face_mask,0.8
ViT-L-14 openai,knitting_colorful_scarves,0.5882352941176471
ViT-L-14 openai,playing_acoustic_guitar,0.42105263157894735
ViT-L-14 openai,programming_new_software,0.38461538461538464
ViT-L-14 openai,repairing_electronics,0.7
ViT-L-14 openai,skating_in_a_roller_derby,0.6923076923076923
ViT-L-14 openai,spinning_pottery,0.46153846153846156
ViT-L-14 openai,tuning_a_guitar,0.3684210526315789
ViT-L-14-336 openai,baking_a_cake,0.5714285714285714
ViT-L-14-336 openai,customizing_a_motorcycle,0.3076923076923077
ViT-L-14-336 openai,designing_a_building,0.11764705882352941
ViT-L-14-336 openai,designing_dress,0.625
ViT-L-14-336 openai,diving_from_a_high_board,0.9230769230769231
ViT-L-14-336 openai,doing_basket_weaving,0.6153846153846154
ViT-L-14-336 openai,doing_professional_makeup,0.5
ViT-L-14-336 openai,having_face_mask,0.8
ViT-L-14-336 openai,knitting_colorful_scarves,0.47058823529411764
ViT-L-14-336 openai,playing_acoustic_guitar,0.5263157894736842
ViT-L-14-336 openai,programming_new_software,0.46153846153846156
ViT-L-14-336 openai,repairing_electronics,0.75
ViT-L-14-336 openai,skating_in_a_roller_derby,0.6153846153846154
ViT-L-14-336 openai,spinning_pottery,0.46153846153846156
ViT-L-14-336 openai,tuning_a_guitar,0.5263157894736842
coca_ViT-B-32 laion2b_s13b_b90k,baking_a_cake,0.5
coca_ViT-B-32 laion2b_s13b_b90k,customizing_a_motorcycle,0.6153846153846154
coca_ViT-B-32 laion2b_s13b_b90k,designing_a_building,0.4117647058823529
coca_ViT-B-32 laion2b_s13b_b90k,designing_dress,0.8125
coca_ViT-B-32 laion2b_s13b_b90k,diving_from_a_high_board,0.8461538461538461
coca_ViT-B-32 laion2b_s13b_b90k,doing_basket_weaving,0.7692307692307693
coca_ViT-B-32 laion2b_s13b_b90k,doing_professional_makeup,0.7142857142857143
coca_ViT-B-32 laion2b_s13b_b90k,having_face_mask,0.8
coca_ViT-B-32 laion2b_s13b_b90k,knitting_colorful_scarves,0.5294117647058824
coca_ViT-B-32 laion2b_s13b_b90k,playing_acoustic_guitar,0.5789473684210527
coca_ViT-B-32 laion2b_s13b_b90k,programming_new_software,0.46153846153846156
coca_ViT-B-32 laion2b_s13b_b90k,repairing_electronics,0.65
coca_ViT-B-32 laion2b_s13b_b90k,skating_in_a_roller_derby,0.7692307692307693
coca_ViT-B-32 laion2b_s13b_b90k,spinning_pottery,0.6923076923076923
coca_ViT-B-32 laion2b_s13b_b90k,tuning_a_guitar,0.47368421052631576
coca_ViT-B-32 mscoco_finetuned_laion2b_s13b_b90k,baking_a_cake,0.5714285714285714
coca_ViT-B-32 mscoco_finetuned_laion2b_s13b_b90k,customizing_a_motorcycle,0.6153846153846154
coca_ViT-B-32 mscoco_finetuned_laion2b_s13b_b90k,designing_a_building,0.5294117647058824
coca_ViT-B-32 mscoco_finetuned_laion2b_s13b_b90k,designing_dress,0.375
coca_ViT-B-32 mscoco_finetuned_laion2b_s13b_b90k,diving_from_a_high_board,0.38461538461538464
coca_ViT-B-32 mscoco_finetuned_laion2b_s13b_b90k,doing_basket_weaving,0.6153846153846154
coca_ViT-B-32 mscoco_finetuned_laion2b_s13b_b90k,doing_professional_makeup,0.2857142857142857
coca_ViT-B-32 mscoco_finetuned_laion2b_s13b_b90k,having_face_mask,0.25
coca_ViT-B-32 mscoco_finetuned_laion2b_s13b_b90k,knitting_colorful_scarves,0.4117647058823529
coca_ViT-B-32 mscoco_finetuned_laion2b_s13b_b90k,playing_acoustic_guitar,0.47368421052631576
coca_ViT-B-32 mscoco_finetuned_laion2b_s13b_b90k,programming_new_software,0.46153846153846156
coca_ViT-B-32 mscoco_finetuned_laion2b_s13b_b90k,repairing_electronics,0.35
coca_ViT-B-32 mscoco_finetuned_laion2b_s13b_b90k,skating_in_a_roller_derby,0.5384615384615384
coca_ViT-B-32 mscoco_finetuned_laion2b_s13b_b90k,spinning_pottery,0.15384615384615385
coca_ViT-B-32 mscoco_finetuned_laion2b_s13b_b90k,tuning_a_guitar,0.47368421052631576
coca_ViT-L-14 laion2b_s13b_b90k,baking_a_cake,0.42857142857142855
coca_ViT-L-14 laion2b_s13b_b90k,customizing_a_motorcycle,0.5384615384615384
coca_ViT-L-14 laion2b_s13b_b90k,designing_a_building,0.29411764705882354
coca_ViT-L-14 laion2b_s13b_b90k,designing_dress,0.875
coca_ViT-L-14 laion2b_s13b_b90k,diving_from_a_high_board,0.7692307692307693
coca_ViT-L-14 laion2b_s13b_b90k,doing_basket_weaving,0.6153846153846154
coca_ViT-L-14 laion2b_s13b_b90k,doing_professional_makeup,0.7857142857142857
coca_ViT-L-14 laion2b_s13b_b90k,having_face_mask,0.85
coca_ViT-L-14 laion2b_s13b_b90k,knitting_colorful_scarves,0.4117647058823529
coca_ViT-L-14 laion2b_s13b_b90k,playing_acoustic_guitar,0.47368421052631576
coca_ViT-L-14 laion2b_s13b_b90k,programming_new_software,0.6923076923076923
coca_ViT-L-14 laion2b_s13b_b90k,repairing_electronics,0.4
coca_ViT-L-14 laion2b_s13b_b90k,skating_in_a_roller_derby,0.6923076923076923
coca_ViT-L-14 laion2b_s13b_b90k,spinning_pottery,0.6923076923076923
coca_ViT-L-14 laion2b_s13b_b90k,tuning_a_guitar,0.5789473684210527
coca_ViT-L-14 mscoco_finetuned_laion2b_s13b_b90k,baking_a_cake,0.5714285714285714
coca_ViT-L-14 mscoco_finetuned_laion2b_s13b_b90k,customizing_a_motorcycle,0.3076923076923077
coca_ViT-L-14 mscoco_finetuned_laion2b_s13b_b90k,designing_a_building,0.5294117647058824
coca_ViT-L-14 mscoco_finetuned_laion2b_s13b_b90k,designing_dress,0.8125
coca_ViT-L-14 mscoco_finetuned_laion2b_s13b_b90k,diving_from_a_high_board,0.8461538461538461
coca_ViT-L-14 mscoco_finetuned_laion2b_s13b_b90k,doing_basket_weaving,0.6153846153846154
coca_ViT-L-14 mscoco_finetuned_laion2b_s13b_b90k,doing_professional_makeup,0.7857142857142857
coca_ViT-L-14 mscoco_finetuned_laion2b_s13b_b90k,having_face_mask,0.8
coca_ViT-L-14 mscoco_finetuned_laion2b_s13b_b90k,knitting_colorful_scarves,0.6470588235294118
coca_ViT-L-14 mscoco_finetuned_laion2b_s13b_b90k,playing_acoustic_guitar,0.5789473684210527
coca_ViT-L-14 mscoco_finetuned_laion2b_s13b_b90k,programming_new_software,0.6153846153846154
coca_ViT-L-14 mscoco_finetuned_laion2b_s13b_b90k,repairing_electronics,0.75
coca_ViT-L-14 mscoco_finetuned_laion2b_s13b_b90k,skating_in_a_roller_derby,0.6153846153846154
coca_ViT-L-14 mscoco_finetuned_laion2b_s13b_b90k,spinning_pottery,0.6923076923076923
coca_ViT-L-14 mscoco_finetuned_laion2b_s13b_b90k,tuning_a_guitar,0.42105263157894735
dandelin/vilt-b32-finetuned-coco,baking_a_cake,0.9285714285714286
dandelin/vilt-b32-finetuned-coco,customizing_a_motorcycle,0.6153846153846154
dandelin/vilt-b32-finetuned-coco,designing_a_building,0.5882352941176471
dandelin/vilt-b32-finetuned-coco,designing_dress,0.4375
dandelin/vilt-b32-finetuned-coco,diving_from_a_high_board,0.8461538461538461
dandelin/vilt-b32-finetuned-coco,doing_basket_weaving,0.7692307692307693
dandelin/vilt-b32-finetuned-coco,doing_professional_makeup,0.7857142857142857
dandelin/vilt-b32-finetuned-coco,having_face_mask,0.75
dandelin/vilt-b32-finetuned-coco,knitting_colorful_scarves,0.35294117647058826
dandelin/vilt-b32-finetuned-coco,playing_acoustic_guitar,0.42105263157894735
dandelin/vilt-b32-finetuned-coco,programming_new_software,0.6153846153846154
dandelin/vilt-b32-finetuned-coco,repairing_electronics,0.8
dandelin/vilt-b32-finetuned-coco,skating_in_a_roller_derby,1.0
dandelin/vilt-b32-finetuned-coco,spinning_pottery,0.5384615384615384
dandelin/vilt-b32-finetuned-coco,tuning_a_guitar,0.5789473684210527
facebook/flava-full,baking_a_cake,0.5714285714285714
facebook/flava-full,customizing_a_motorcycle,0.5384615384615384
facebook/flava-full,designing_a_building,0.23529411764705882
facebook/flava-full,designing_dress,0.625
facebook/flava-full,diving_from_a_high_board,0.7692307692307693
facebook/flava-full,doing_basket_weaving,0.46153846153846156
facebook/flava-full,doing_professional_makeup,0.8571428571428571
facebook/flava-full,having_face_mask,0.85
facebook/flava-full,knitting_colorful_scarves,0.5294117647058824
facebook/flava-full,playing_acoustic_guitar,0.7368421052631579
facebook/flava-full,programming_new_software,0.46153846153846156
facebook/flava-full,repairing_electronics,0.6
facebook/flava-full,skating_in_a_roller_derby,0.6923076923076923
facebook/flava-full,spinning_pottery,0.6923076923076923
facebook/flava-full,tuning_a_guitar,0.6842105263157895
kakaobrain/align-base,baking_a_cake,0.6428571428571429
kakaobrain/align-base,customizing_a_motorcycle,0.6153846153846154
kakaobrain/align-base,designing_a_building,0.29411764705882354
kakaobrain/align-base,designing_dress,0.75
kakaobrain/align-base,diving_from_a_high_board,0.6153846153846154
kakaobrain/align-base,doing_basket_weaving,0.6923076923076923
kakaobrain/align-base,doing_professional_makeup,0.6428571428571429
kakaobrain/align-base,having_face_mask,0.65
kakaobrain/align-base,knitting_colorful_scarves,0.5294117647058824
kakaobrain/align-base,playing_acoustic_guitar,0.7368421052631579
kakaobrain/align-base,programming_new_software,0.5384615384615384
kakaobrain/align-base,repairing_electronics,0.6
kakaobrain/align-base,skating_in_a_roller_derby,0.6923076923076923
kakaobrain/align-base,spinning_pottery,0.7692307692307693
kakaobrain/align-base,tuning_a_guitar,0.6842105263157895
roberta-ViT-B-32 laion2b_s12b_b32k,baking_a_cake,0.5
roberta-ViT-B-32 laion2b_s12b_b32k,customizing_a_motorcycle,0.6153846153846154
roberta-ViT-B-32 laion2b_s12b_b32k,designing_a_building,0.35294117647058826
roberta-ViT-B-32 laion2b_s12b_b32k,designing_dress,0.5
roberta-ViT-B-32 laion2b_s12b_b32k,diving_from_a_high_board,0.6923076923076923
roberta-ViT-B-32 laion2b_s12b_b32k,doing_basket_weaving,0.46153846153846156
roberta-ViT-B-32 laion2b_s12b_b32k,doing_professional_makeup,0.5714285714285714
roberta-ViT-B-32 laion2b_s12b_b32k,having_face_mask,0.85
roberta-ViT-B-32 laion2b_s12b_b32k,knitting_colorful_scarves,0.4117647058823529
roberta-ViT-B-32 laion2b_s12b_b32k,playing_acoustic_guitar,0.8421052631578947
roberta-ViT-B-32 laion2b_s12b_b32k,programming_new_software,0.38461538461538464
roberta-ViT-B-32 laion2b_s12b_b32k,repairing_electronics,0.7
roberta-ViT-B-32 laion2b_s12b_b32k,skating_in_a_roller_derby,0.8461538461538461
roberta-ViT-B-32 laion2b_s12b_b32k,spinning_pottery,0.7692307692307693
roberta-ViT-B-32 laion2b_s12b_b32k,tuning_a_guitar,0.5263157894736842
xlm-roberta-base-ViT-B-32 laion5b_s13b_b90k,baking_a_cake,0.5
xlm-roberta-base-ViT-B-32 laion5b_s13b_b90k,customizing_a_motorcycle,0.38461538461538464
xlm-roberta-base-ViT-B-32 laion5b_s13b_b90k,designing_a_building,0.5882352941176471
xlm-roberta-base-ViT-B-32 laion5b_s13b_b90k,designing_dress,0.625
xlm-roberta-base-ViT-B-32 laion5b_s13b_b90k,diving_from_a_high_board,0.8461538461538461
xlm-roberta-base-ViT-B-32 laion5b_s13b_b90k,doing_basket_weaving,0.6153846153846154
xlm-roberta-base-ViT-B-32 laion5b_s13b_b90k,doing_professional_makeup,0.8571428571428571
xlm-roberta-base-ViT-B-32 laion5b_s13b_b90k,having_face_mask,0.75
xlm-roberta-base-ViT-B-32 laion5b_s13b_b90k,knitting_colorful_scarves,0.47058823529411764
xlm-roberta-base-ViT-B-32 laion5b_s13b_b90k,playing_acoustic_guitar,0.631578947368421
xlm-roberta-base-ViT-B-32 laion5b_s13b_b90k,programming_new_software,0.5384615384615384
xlm-roberta-base-ViT-B-32 laion5b_s13b_b90k,repairing_electronics,0.75
xlm-roberta-base-ViT-B-32 laion5b_s13b_b90k,skating_in_a_roller_derby,0.6153846153846154
xlm-roberta-base-ViT-B-32 laion5b_s13b_b90k,spinning_pottery,0.6153846153846154
xlm-roberta-base-ViT-B-32 laion5b_s13b_b90k,tuning_a_guitar,0.5789473684210527
xlm-roberta-large-ViT-H-14 frozen_laion5b_s13b_b90k,baking_a_cake,0.6428571428571429
xlm-roberta-large-ViT-H-14 frozen_laion5b_s13b_b90k,customizing_a_motorcycle,0.38461538461538464
xlm-roberta-large-ViT-H-14 frozen_laion5b_s13b_b90k,designing_a_building,0.23529411764705882
xlm-roberta-large-ViT-H-14 frozen_laion5b_s13b_b90k,designing_dress,0.6875
xlm-roberta-large-ViT-H-14 frozen_laion5b_s13b_b90k,diving_from_a_high_board,0.7692307692307693
xlm-roberta-large-ViT-H-14 frozen_laion5b_s13b_b90k,doing_basket_weaving,0.38461538461538464
xlm-roberta-large-ViT-H-14 frozen_laion5b_s13b_b90k,doing_professional_makeup,0.6428571428571429
xlm-roberta-large-ViT-H-14 frozen_laion5b_s13b_b90k,having_face_mask,0.75
xlm-roberta-large-ViT-H-14 frozen_laion5b_s13b_b90k,knitting_colorful_scarves,0.5882352941176471
xlm-roberta-large-ViT-H-14 frozen_laion5b_s13b_b90k,playing_acoustic_guitar,0.5789473684210527
xlm-roberta-large-ViT-H-14 frozen_laion5b_s13b_b90k,programming_new_software,0.5384615384615384
xlm-roberta-large-ViT-H-14 frozen_laion5b_s13b_b90k,repairing_electronics,0.8
xlm-roberta-large-ViT-H-14 frozen_laion5b_s13b_b90k,skating_in_a_roller_derby,0.5384615384615384
xlm-roberta-large-ViT-H-14 frozen_laion5b_s13b_b90k,spinning_pottery,0.46153846153846156
xlm-roberta-large-ViT-H-14 frozen_laion5b_s13b_b90k,tuning_a_guitar,0.47368421052631576
