model,activity,score
BAAI/AltCLIP,applying_nail_polish,0.85
BAAI/AltCLIP,carving_the_turkey,0.7692307692307693
BAAI/AltCLIP,crafting_homemade_gifts,0.9166666666666666
BAAI/AltCLIP,doing_pilates,0.5
BAAI/AltCLIP,handling_barbecue_equipment,0.5555555555555556
BAAI/AltCLIP,participating_in_american_football,0.21428571428571427
BAAI/AltCLIP,performing_physical_repairs,0.5
BAAI/AltCLIP,playing_poker,0.6
BAAI/AltCLIP,preparing_harbel_teas,0.5555555555555556
BAAI/AltCLIP,shaving_facial_hair,0.7647058823529411
BAAI/AltCLIP,tying_a_childs_hair_into_a_ponytail,0.7692307692307693
BAAI/AltCLIP,unclogging_drains_or_fixing_leaks,0.6666666666666666
EVA01-g-14 laion400m_s11b_b41k,applying_nail_polish,0.6
EVA01-g-14 laion400m_s11b_b41k,carving_the_turkey,0.7692307692307693
EVA01-g-14 laion400m_s11b_b41k,crafting_homemade_gifts,0.9166666666666666
EVA01-g-14 laion400m_s11b_b41k,doing_pilates,0.6428571428571429
EVA01-g-14 laion400m_s11b_b41k,handling_barbecue_equipment,0.4444444444444444
EVA01-g-14 laion400m_s11b_b41k,participating_in_american_football,0.35714285714285715
EVA01-g-14 laion400m_s11b_b41k,performing_physical_repairs,0.375
EVA01-g-14 laion400m_s11b_b41k,playing_poker,0.4666666666666667
EVA01-g-14 laion400m_s11b_b41k,preparing_harbel_teas,0.6666666666666666
EVA01-g-14 laion400m_s11b_b41k,shaving_facial_hair,0.5882352941176471
EVA01-g-14 laion400m_s11b_b41k,tying_a_childs_hair_into_a_ponytail,1.0
EVA01-g-14 laion400m_s11b_b41k,unclogging_drains_or_fixing_leaks,0.6111111111111112
EVA01-g-14-plus merged2b_s11b_b114k,applying_nail_polish,0.8
EVA01-g-14-plus merged2b_s11b_b114k,carving_the_turkey,0.6923076923076923
EVA01-g-14-plus merged2b_s11b_b114k,crafting_homemade_gifts,0.8333333333333334
EVA01-g-14-plus merged2b_s11b_b114k,doing_pilates,0.7857142857142857
EVA01-g-14-plus merged2b_s11b_b114k,handling_barbecue_equipment,0.7222222222222222
EVA01-g-14-plus merged2b_s11b_b114k,participating_in_american_football,0.5
EVA01-g-14-plus merged2b_s11b_b114k,performing_physical_repairs,0.625
EVA01-g-14-plus merged2b_s11b_b114k,playing_poker,0.5333333333333333
EVA01-g-14-plus merged2b_s11b_b114k,preparing_harbel_teas,0.6666666666666666
EVA01-g-14-plus merged2b_s11b_b114k,shaving_facial_hair,0.8235294117647058
EVA01-g-14-plus merged2b_s11b_b114k,tying_a_childs_hair_into_a_ponytail,0.7692307692307693
EVA01-g-14-plus merged2b_s11b_b114k,unclogging_drains_or_fixing_leaks,0.6666666666666666
EVA02-B-16 merged2b_s8b_b131k,applying_nail_polish,0.75
EVA02-B-16 merged2b_s8b_b131k,carving_the_turkey,0.46153846153846156
EVA02-B-16 merged2b_s8b_b131k,crafting_homemade_gifts,0.8333333333333334
EVA02-B-16 merged2b_s8b_b131k,doing_pilates,0.6428571428571429
EVA02-B-16 merged2b_s8b_b131k,handling_barbecue_equipment,0.4444444444444444
EVA02-B-16 merged2b_s8b_b131k,participating_in_american_football,0.35714285714285715
EVA02-B-16 merged2b_s8b_b131k,performing_physical_repairs,0.4375
EVA02-B-16 merged2b_s8b_b131k,playing_poker,0.5333333333333333
EVA02-B-16 merged2b_s8b_b131k,preparing_harbel_teas,0.7222222222222222
EVA02-B-16 merged2b_s8b_b131k,shaving_facial_hair,0.7647058823529411
EVA02-B-16 merged2b_s8b_b131k,tying_a_childs_hair_into_a_ponytail,0.6923076923076923
EVA02-B-16 merged2b_s8b_b131k,unclogging_drains_or_fixing_leaks,0.6666666666666666
EVA02-L-14 merged2b_s4b_b131k,applying_nail_polish,0.65
EVA02-L-14 merged2b_s4b_b131k,carving_the_turkey,0.46153846153846156
EVA02-L-14 merged2b_s4b_b131k,crafting_homemade_gifts,0.8333333333333334
EVA02-L-14 merged2b_s4b_b131k,doing_pilates,0.7857142857142857
EVA02-L-14 merged2b_s4b_b131k,handling_barbecue_equipment,0.5555555555555556
EVA02-L-14 merged2b_s4b_b131k,participating_in_american_football,0.5
EVA02-L-14 merged2b_s4b_b131k,performing_physical_repairs,0.3125
EVA02-L-14 merged2b_s4b_b131k,playing_poker,0.6
EVA02-L-14 merged2b_s4b_b131k,preparing_harbel_teas,0.6666666666666666
EVA02-L-14 merged2b_s4b_b131k,shaving_facial_hair,0.5882352941176471
EVA02-L-14 merged2b_s4b_b131k,tying_a_childs_hair_into_a_ponytail,1.0
EVA02-L-14 merged2b_s4b_b131k,unclogging_drains_or_fixing_leaks,0.4444444444444444
EVA02-L-14-336 merged2b_s6b_b61k,applying_nail_polish,0.7
EVA02-L-14-336 merged2b_s6b_b61k,carving_the_turkey,0.6153846153846154
EVA02-L-14-336 merged2b_s6b_b61k,crafting_homemade_gifts,0.9166666666666666
EVA02-L-14-336 merged2b_s6b_b61k,doing_pilates,0.6428571428571429
EVA02-L-14-336 merged2b_s6b_b61k,handling_barbecue_equipment,0.5555555555555556
EVA02-L-14-336 merged2b_s6b_b61k,participating_in_american_football,0.42857142857142855
EVA02-L-14-336 merged2b_s6b_b61k,performing_physical_repairs,0.4375
EVA02-L-14-336 merged2b_s6b_b61k,playing_poker,0.4666666666666667
EVA02-L-14-336 merged2b_s6b_b61k,preparing_harbel_teas,0.6666666666666666
EVA02-L-14-336 merged2b_s6b_b61k,shaving_facial_hair,0.5882352941176471
EVA02-L-14-336 merged2b_s6b_b61k,tying_a_childs_hair_into_a_ponytail,0.8461538461538461
EVA02-L-14-336 merged2b_s6b_b61k,unclogging_drains_or_fixing_leaks,0.5
RN50x64 openai,applying_nail_polish,0.8
RN50x64 openai,carving_the_turkey,0.38461538461538464
RN50x64 openai,crafting_homemade_gifts,0.9166666666666666
RN50x64 openai,doing_pilates,0.5
RN50x64 openai,handling_barbecue_equipment,0.5
RN50x64 openai,participating_in_american_football,0.21428571428571427
RN50x64 openai,performing_physical_repairs,0.625
RN50x64 openai,playing_poker,0.6
RN50x64 openai,preparing_harbel_teas,0.6666666666666666
RN50x64 openai,shaving_facial_hair,0.6470588235294118
RN50x64 openai,tying_a_childs_hair_into_a_ponytail,0.5384615384615384
RN50x64 openai,unclogging_drains_or_fixing_leaks,0.6111111111111112
ViT-B-16 openai,applying_nail_polish,0.7
ViT-B-16 openai,carving_the_turkey,0.5384615384615384
ViT-B-16 openai,crafting_homemade_gifts,1.0
ViT-B-16 openai,doing_pilates,0.5714285714285714
ViT-B-16 openai,handling_barbecue_equipment,0.6666666666666666
ViT-B-16 openai,participating_in_american_football,0.5
ViT-B-16 openai,performing_physical_repairs,0.625
ViT-B-16 openai,playing_poker,0.6666666666666666
ViT-B-16 openai,preparing_harbel_teas,0.5555555555555556
ViT-B-16 openai,shaving_facial_hair,0.6470588235294118
ViT-B-16 openai,tying_a_childs_hair_into_a_ponytail,0.8461538461538461
ViT-B-16 openai,unclogging_drains_or_fixing_leaks,0.5555555555555556
ViT-B-32 laion2b_s34b_b79k,applying_nail_polish,0.6
ViT-B-32 laion2b_s34b_b79k,carving_the_turkey,0.6153846153846154
ViT-B-32 laion2b_s34b_b79k,crafting_homemade_gifts,0.75
ViT-B-32 laion2b_s34b_b79k,doing_pilates,0.7857142857142857
ViT-B-32 laion2b_s34b_b79k,handling_barbecue_equipment,0.5555555555555556
ViT-B-32 laion2b_s34b_b79k,participating_in_american_football,0.42857142857142855
ViT-B-32 laion2b_s34b_b79k,performing_physical_repairs,0.4375
ViT-B-32 laion2b_s34b_b79k,playing_poker,0.4666666666666667
ViT-B-32 laion2b_s34b_b79k,preparing_harbel_teas,0.6666666666666666
ViT-B-32 laion2b_s34b_b79k,shaving_facial_hair,0.6470588235294118
ViT-B-32 laion2b_s34b_b79k,tying_a_childs_hair_into_a_ponytail,0.8461538461538461
ViT-B-32 laion2b_s34b_b79k,unclogging_drains_or_fixing_leaks,0.6111111111111112
ViT-B-32 laion400m_e31,applying_nail_polish,0.65
ViT-B-32 laion400m_e31,carving_the_turkey,0.46153846153846156
ViT-B-32 laion400m_e31,crafting_homemade_gifts,0.75
ViT-B-32 laion400m_e31,doing_pilates,0.7142857142857143
ViT-B-32 laion400m_e31,handling_barbecue_equipment,0.6111111111111112
ViT-B-32 laion400m_e31,participating_in_american_football,0.5714285714285714
ViT-B-32 laion400m_e31,performing_physical_repairs,0.375
ViT-B-32 laion400m_e31,playing_poker,0.8
ViT-B-32 laion400m_e31,preparing_harbel_teas,0.7777777777777778
ViT-B-32 laion400m_e31,shaving_facial_hair,0.5882352941176471
ViT-B-32 laion400m_e31,tying_a_childs_hair_into_a_ponytail,0.8461538461538461
ViT-B-32 laion400m_e31,unclogging_drains_or_fixing_leaks,0.6111111111111112
ViT-B-32 negCLIP.pt,applying_nail_polish,0.75
ViT-B-32 negCLIP.pt,carving_the_turkey,0.7692307692307693
ViT-B-32 negCLIP.pt,crafting_homemade_gifts,0.9166666666666666
ViT-B-32 negCLIP.pt,doing_pilates,0.9285714285714286
ViT-B-32 negCLIP.pt,handling_barbecue_equipment,0.7777777777777778
ViT-B-32 negCLIP.pt,participating_in_american_football,0.5714285714285714
ViT-B-32 negCLIP.pt,performing_physical_repairs,0.6875
ViT-B-32 negCLIP.pt,playing_poker,0.4666666666666667
ViT-B-32 negCLIP.pt,preparing_harbel_teas,0.8333333333333334
ViT-B-32 negCLIP.pt,shaving_facial_hair,0.6470588235294118
ViT-B-32 negCLIP.pt,tying_a_childs_hair_into_a_ponytail,0.9230769230769231
ViT-B-32 negCLIP.pt,unclogging_drains_or_fixing_leaks,0.5555555555555556
ViT-B-32 openai,applying_nail_polish,0.6
ViT-B-32 openai,carving_the_turkey,0.6153846153846154
ViT-B-32 openai,crafting_homemade_gifts,0.9166666666666666
ViT-B-32 openai,doing_pilates,0.9285714285714286
ViT-B-32 openai,handling_barbecue_equipment,0.6666666666666666
ViT-B-32 openai,participating_in_american_football,0.42857142857142855
ViT-B-32 openai,performing_physical_repairs,0.625
ViT-B-32 openai,playing_poker,0.4666666666666667
ViT-B-32 openai,preparing_harbel_teas,0.7222222222222222
ViT-B-32 openai,shaving_facial_hair,0.6470588235294118
ViT-B-32 openai,tying_a_childs_hair_into_a_ponytail,0.9230769230769231
ViT-B-32 openai,unclogging_drains_or_fixing_leaks,0.5555555555555556
ViT-H-14 laion2b_s32b_b79k,applying_nail_polish,0.75
ViT-H-14 laion2b_s32b_b79k,carving_the_turkey,0.7692307692307693
ViT-H-14 laion2b_s32b_b79k,crafting_homemade_gifts,0.9166666666666666
ViT-H-14 laion2b_s32b_b79k,doing_pilates,0.5714285714285714
ViT-H-14 laion2b_s32b_b79k,handling_barbecue_equipment,0.7222222222222222
ViT-H-14 laion2b_s32b_b79k,participating_in_american_football,0.35714285714285715
ViT-H-14 laion2b_s32b_b79k,performing_physical_repairs,0.625
ViT-H-14 laion2b_s32b_b79k,playing_poker,0.5333333333333333
ViT-H-14 laion2b_s32b_b79k,preparing_harbel_teas,0.5555555555555556
ViT-H-14 laion2b_s32b_b79k,shaving_facial_hair,0.7647058823529411
ViT-H-14 laion2b_s32b_b79k,tying_a_childs_hair_into_a_ponytail,0.6923076923076923
ViT-H-14 laion2b_s32b_b79k,unclogging_drains_or_fixing_leaks,0.6111111111111112
ViT-L-14 laion2b_s32b_b82k,applying_nail_polish,0.7
ViT-L-14 laion2b_s32b_b82k,carving_the_turkey,0.8461538461538461
ViT-L-14 laion2b_s32b_b82k,crafting_homemade_gifts,0.8333333333333334
ViT-L-14 laion2b_s32b_b82k,doing_pilates,0.5
ViT-L-14 laion2b_s32b_b82k,handling_barbecue_equipment,0.6111111111111112
ViT-L-14 laion2b_s32b_b82k,participating_in_american_football,0.5
ViT-L-14 laion2b_s32b_b82k,performing_physical_repairs,0.75
ViT-L-14 laion2b_s32b_b82k,playing_poker,0.5333333333333333
ViT-L-14 laion2b_s32b_b82k,preparing_harbel_teas,0.7222222222222222
ViT-L-14 laion2b_s32b_b82k,shaving_facial_hair,0.5882352941176471
ViT-L-14 laion2b_s32b_b82k,tying_a_childs_hair_into_a_ponytail,0.7692307692307693
ViT-L-14 laion2b_s32b_b82k,unclogging_drains_or_fixing_leaks,0.6666666666666666
ViT-L-14 openai,applying_nail_polish,0.75
ViT-L-14 openai,carving_the_turkey,0.6153846153846154
ViT-L-14 openai,crafting_homemade_gifts,0.75
ViT-L-14 openai,doing_pilates,0.5
ViT-L-14 openai,handling_barbecue_equipment,0.6666666666666666
ViT-L-14 openai,participating_in_american_football,0.35714285714285715
ViT-L-14 openai,performing_physical_repairs,0.3125
ViT-L-14 openai,playing_poker,0.6666666666666666
ViT-L-14 openai,preparing_harbel_teas,0.6666666666666666
ViT-L-14 openai,shaving_facial_hair,0.5882352941176471
ViT-L-14 openai,tying_a_childs_hair_into_a_ponytail,0.5384615384615384
ViT-L-14 openai,unclogging_drains_or_fixing_leaks,0.7222222222222222
ViT-L-14-336 openai,applying_nail_polish,0.7
ViT-L-14-336 openai,carving_the_turkey,0.6153846153846154
ViT-L-14-336 openai,crafting_homemade_gifts,0.8333333333333334
ViT-L-14-336 openai,doing_pilates,0.42857142857142855
ViT-L-14-336 openai,handling_barbecue_equipment,0.4444444444444444
ViT-L-14-336 openai,participating_in_american_football,0.14285714285714285
ViT-L-14-336 openai,performing_physical_repairs,0.1875
ViT-L-14-336 openai,playing_poker,0.6
ViT-L-14-336 openai,preparing_harbel_teas,0.5
ViT-L-14-336 openai,shaving_facial_hair,0.5882352941176471
ViT-L-14-336 openai,tying_a_childs_hair_into_a_ponytail,0.6923076923076923
ViT-L-14-336 openai,unclogging_drains_or_fixing_leaks,0.7222222222222222
coca_ViT-B-32 laion2b_s13b_b90k,applying_nail_polish,0.65
coca_ViT-B-32 laion2b_s13b_b90k,carving_the_turkey,0.38461538461538464
coca_ViT-B-32 laion2b_s13b_b90k,crafting_homemade_gifts,1.0
coca_ViT-B-32 laion2b_s13b_b90k,doing_pilates,0.5714285714285714
coca_ViT-B-32 laion2b_s13b_b90k,handling_barbecue_equipment,0.6111111111111112
coca_ViT-B-32 laion2b_s13b_b90k,participating_in_american_football,0.5714285714285714
coca_ViT-B-32 laion2b_s13b_b90k,performing_physical_repairs,0.4375
coca_ViT-B-32 laion2b_s13b_b90k,playing_poker,0.5333333333333333
coca_ViT-B-32 laion2b_s13b_b90k,preparing_harbel_teas,0.6666666666666666
coca_ViT-B-32 laion2b_s13b_b90k,shaving_facial_hair,0.5882352941176471
coca_ViT-B-32 laion2b_s13b_b90k,tying_a_childs_hair_into_a_ponytail,0.6153846153846154
coca_ViT-B-32 laion2b_s13b_b90k,unclogging_drains_or_fixing_leaks,0.5
coca_ViT-B-32 mscoco_finetuned_laion2b_s13b_b90k,applying_nail_polish,0.3
coca_ViT-B-32 mscoco_finetuned_laion2b_s13b_b90k,carving_the_turkey,0.7692307692307693
coca_ViT-B-32 mscoco_finetuned_laion2b_s13b_b90k,crafting_homemade_gifts,0.5
coca_ViT-B-32 mscoco_finetuned_laion2b_s13b_b90k,doing_pilates,0.7857142857142857
coca_ViT-B-32 mscoco_finetuned_laion2b_s13b_b90k,handling_barbecue_equipment,0.5
coca_ViT-B-32 mscoco_finetuned_laion2b_s13b_b90k,participating_in_american_football,0.5
coca_ViT-B-32 mscoco_finetuned_laion2b_s13b_b90k,performing_physical_repairs,0.6875
coca_ViT-B-32 mscoco_finetuned_laion2b_s13b_b90k,playing_poker,0.6666666666666666
coca_ViT-B-32 mscoco_finetuned_laion2b_s13b_b90k,preparing_harbel_teas,0.4444444444444444
coca_ViT-B-32 mscoco_finetuned_laion2b_s13b_b90k,shaving_facial_hair,0.5294117647058824
coca_ViT-B-32 mscoco_finetuned_laion2b_s13b_b90k,tying_a_childs_hair_into_a_ponytail,0.6923076923076923
coca_ViT-B-32 mscoco_finetuned_laion2b_s13b_b90k,unclogging_drains_or_fixing_leaks,0.5
coca_ViT-L-14 laion2b_s13b_b90k,applying_nail_polish,0.7
coca_ViT-L-14 laion2b_s13b_b90k,carving_the_turkey,0.7692307692307693
coca_ViT-L-14 laion2b_s13b_b90k,crafting_homemade_gifts,0.75
coca_ViT-L-14 laion2b_s13b_b90k,doing_pilates,0.5714285714285714
coca_ViT-L-14 laion2b_s13b_b90k,handling_barbecue_equipment,0.5
coca_ViT-L-14 laion2b_s13b_b90k,participating_in_american_football,0.5
coca_ViT-L-14 laion2b_s13b_b90k,performing_physical_repairs,0.3125
coca_ViT-L-14 laion2b_s13b_b90k,playing_poker,0.4666666666666667
coca_ViT-L-14 laion2b_s13b_b90k,preparing_harbel_teas,0.7222222222222222
coca_ViT-L-14 laion2b_s13b_b90k,shaving_facial_hair,0.7058823529411765
coca_ViT-L-14 laion2b_s13b_b90k,tying_a_childs_hair_into_a_ponytail,0.6923076923076923
coca_ViT-L-14 laion2b_s13b_b90k,unclogging_drains_or_fixing_leaks,0.5
coca_ViT-L-14 mscoco_finetuned_laion2b_s13b_b90k,applying_nail_polish,0.75
coca_ViT-L-14 mscoco_finetuned_laion2b_s13b_b90k,carving_the_turkey,0.9230769230769231
coca_ViT-L-14 mscoco_finetuned_laion2b_s13b_b90k,crafting_homemade_gifts,0.8333333333333334
coca_ViT-L-14 mscoco_finetuned_laion2b_s13b_b90k,doing_pilates,0.7142857142857143
coca_ViT-L-14 mscoco_finetuned_laion2b_s13b_b90k,handling_barbecue_equipment,0.5555555555555556
coca_ViT-L-14 mscoco_finetuned_laion2b_s13b_b90k,participating_in_american_football,0.6428571428571429
coca_ViT-L-14 mscoco_finetuned_laion2b_s13b_b90k,performing_physical_repairs,0.75
coca_ViT-L-14 mscoco_finetuned_laion2b_s13b_b90k,playing_poker,0.7333333333333333
coca_ViT-L-14 mscoco_finetuned_laion2b_s13b_b90k,preparing_harbel_teas,0.7222222222222222
coca_ViT-L-14 mscoco_finetuned_laion2b_s13b_b90k,shaving_facial_hair,0.5882352941176471
coca_ViT-L-14 mscoco_finetuned_laion2b_s13b_b90k,tying_a_childs_hair_into_a_ponytail,0.6153846153846154
coca_ViT-L-14 mscoco_finetuned_laion2b_s13b_b90k,unclogging_drains_or_fixing_leaks,0.6111111111111112
dandelin/vilt-b32-finetuned-coco,applying_nail_polish,0.6
dandelin/vilt-b32-finetuned-coco,carving_the_turkey,0.7692307692307693
dandelin/vilt-b32-finetuned-coco,crafting_homemade_gifts,0.5
dandelin/vilt-b32-finetuned-coco,doing_pilates,0.7142857142857143
dandelin/vilt-b32-finetuned-coco,handling_barbecue_equipment,0.7777777777777778
dandelin/vilt-b32-finetuned-coco,participating_in_american_football,0.7142857142857143
dandelin/vilt-b32-finetuned-coco,performing_physical_repairs,0.75
dandelin/vilt-b32-finetuned-coco,playing_poker,0.5333333333333333
dandelin/vilt-b32-finetuned-coco,preparing_harbel_teas,0.6111111111111112
dandelin/vilt-b32-finetuned-coco,shaving_facial_hair,0.7647058823529411
dandelin/vilt-b32-finetuned-coco,tying_a_childs_hair_into_a_ponytail,0.38461538461538464
dandelin/vilt-b32-finetuned-coco,unclogging_drains_or_fixing_leaks,0.5
facebook/flava-full,applying_nail_polish,0.7
facebook/flava-full,carving_the_turkey,0.6923076923076923
facebook/flava-full,crafting_homemade_gifts,0.9166666666666666
facebook/flava-full,doing_pilates,0.7857142857142857
facebook/flava-full,handling_barbecue_equipment,0.6666666666666666
facebook/flava-full,participating_in_american_football,0.5
facebook/flava-full,performing_physical_repairs,0.6875
facebook/flava-full,playing_poker,0.4666666666666667
facebook/flava-full,preparing_harbel_teas,0.7777777777777778
facebook/flava-full,shaving_facial_hair,0.7647058823529411
facebook/flava-full,tying_a_childs_hair_into_a_ponytail,0.7692307692307693
facebook/flava-full,unclogging_drains_or_fixing_leaks,0.5
kakaobrain/align-base,applying_nail_polish,0.7
kakaobrain/align-base,carving_the_turkey,0.6153846153846154
kakaobrain/align-base,crafting_homemade_gifts,0.8333333333333334
kakaobrain/align-base,doing_pilates,0.6428571428571429
kakaobrain/align-base,handling_barbecue_equipment,0.6111111111111112
kakaobrain/align-base,participating_in_american_football,0.6428571428571429
kakaobrain/align-base,performing_physical_repairs,0.6875
kakaobrain/align-base,playing_poker,0.5333333333333333
kakaobrain/align-base,preparing_harbel_teas,0.7222222222222222
kakaobrain/align-base,shaving_facial_hair,0.8823529411764706
kakaobrain/align-base,tying_a_childs_hair_into_a_ponytail,0.7692307692307693
kakaobrain/align-base,unclogging_drains_or_fixing_leaks,0.3888888888888889
roberta-ViT-B-32 laion2b_s12b_b32k,applying_nail_polish,0.65
roberta-ViT-B-32 laion2b_s12b_b32k,carving_the_turkey,0.6923076923076923
roberta-ViT-B-32 laion2b_s12b_b32k,crafting_homemade_gifts,1.0
roberta-ViT-B-32 laion2b_s12b_b32k,doing_pilates,0.7857142857142857
roberta-ViT-B-32 laion2b_s12b_b32k,handling_barbecue_equipment,0.6666666666666666
roberta-ViT-B-32 laion2b_s12b_b32k,participating_in_american_football,0.35714285714285715
roberta-ViT-B-32 laion2b_s12b_b32k,performing_physical_repairs,0.75
roberta-ViT-B-32 laion2b_s12b_b32k,playing_poker,0.5333333333333333
roberta-ViT-B-32 laion2b_s12b_b32k,preparing_harbel_teas,0.6666666666666666
roberta-ViT-B-32 laion2b_s12b_b32k,shaving_facial_hair,0.5882352941176471
roberta-ViT-B-32 laion2b_s12b_b32k,tying_a_childs_hair_into_a_ponytail,0.6923076923076923
roberta-ViT-B-32 laion2b_s12b_b32k,unclogging_drains_or_fixing_leaks,0.7222222222222222
xlm-roberta-base-ViT-B-32 laion5b_s13b_b90k,applying_nail_polish,0.65
xlm-roberta-base-ViT-B-32 laion5b_s13b_b90k,carving_the_turkey,0.5384615384615384
xlm-roberta-base-ViT-B-32 laion5b_s13b_b90k,crafting_homemade_gifts,0.9166666666666666
xlm-roberta-base-ViT-B-32 laion5b_s13b_b90k,doing_pilates,0.5714285714285714
xlm-roberta-base-ViT-B-32 laion5b_s13b_b90k,handling_barbecue_equipment,0.6111111111111112
xlm-roberta-base-ViT-B-32 laion5b_s13b_b90k,participating_in_american_football,0.2857142857142857
xlm-roberta-base-ViT-B-32 laion5b_s13b_b90k,performing_physical_repairs,0.625
xlm-roberta-base-ViT-B-32 laion5b_s13b_b90k,playing_poker,0.6666666666666666
xlm-roberta-base-ViT-B-32 laion5b_s13b_b90k,preparing_harbel_teas,0.4444444444444444
xlm-roberta-base-ViT-B-32 laion5b_s13b_b90k,shaving_facial_hair,0.7058823529411765
xlm-roberta-base-ViT-B-32 laion5b_s13b_b90k,tying_a_childs_hair_into_a_ponytail,0.6153846153846154
xlm-roberta-base-ViT-B-32 laion5b_s13b_b90k,unclogging_drains_or_fixing_leaks,0.4444444444444444
xlm-roberta-large-ViT-H-14 frozen_laion5b_s13b_b90k,applying_nail_polish,0.85
xlm-roberta-large-ViT-H-14 frozen_laion5b_s13b_b90k,carving_the_turkey,0.6923076923076923
xlm-roberta-large-ViT-H-14 frozen_laion5b_s13b_b90k,crafting_homemade_gifts,0.9166666666666666
xlm-roberta-large-ViT-H-14 frozen_laion5b_s13b_b90k,doing_pilates,0.6428571428571429
xlm-roberta-large-ViT-H-14 frozen_laion5b_s13b_b90k,handling_barbecue_equipment,0.5
xlm-roberta-large-ViT-H-14 frozen_laion5b_s13b_b90k,participating_in_american_football,0.35714285714285715
xlm-roberta-large-ViT-H-14 frozen_laion5b_s13b_b90k,performing_physical_repairs,0.75
xlm-roberta-large-ViT-H-14 frozen_laion5b_s13b_b90k,playing_poker,0.7333333333333333
xlm-roberta-large-ViT-H-14 frozen_laion5b_s13b_b90k,preparing_harbel_teas,0.7222222222222222
xlm-roberta-large-ViT-H-14 frozen_laion5b_s13b_b90k,shaving_facial_hair,0.7058823529411765
xlm-roberta-large-ViT-H-14 frozen_laion5b_s13b_b90k,tying_a_childs_hair_into_a_ponytail,0.6923076923076923
xlm-roberta-large-ViT-H-14 frozen_laion5b_s13b_b90k,unclogging_drains_or_fixing_leaks,0.6111111111111112
